﻿<?xml version="1.0" encoding="utf-8"?>
<Deployment xmlns="http://schemas.microsoft.com/windowsphone/2009/deployment" AppPlatformVersion="7.1">
  <App xmlns="" ProductID="{d5fe7ba8-7598-42c7-bb88-2130dbb662e0}" Title="Tidy" RuntimeType="Silverlight" Version="1.0.0.0" Genre="apps.normal" Author="Alex Golesh" Description="Tasks management application" Publisher="Microsoft">
    <IconPath IsRelative="true" IsResource="false">ApplicationIcon.png</IconPath>
    <Capabilities>
      <Capability Name="ID_CAP_GAMERSERVICES" />
      <Capability Name="ID_CAP_IDENTITY_DEVICE" />
      <Capability Name="ID_CAP_IDENTITY_USER" />
      <Capability Name="ID_CAP_LOCATION" />
      <Capability Name="ID_CAP_MEDIALIB" />
      <Capability Name="ID_CAP_MICROPHONE" />
      <Capability Name="ID_CAP_NETWORKING" />
      <Capability Name="ID_CAP_PHONEDIALER" />
      <Capability Name="ID_CAP_PUSH_NOTIFICATION" />
      <Capability Name="ID_CAP_SENSORS" />
      <Capability Name="ID_CAP_WEBBROWSERCOMPONENT" />
      <Capability Name="ID_CAP_ISV_CAMERA" />
      <Capability Name="ID_CAP_MICROPHONE" />
    </Capabilities>
    <Tasks>
      <DefaultTask Name="_default" NavigationPage="Views/MainView.xaml" />      
    </Tasks>
    <Tokens>
      <PrimaryToken TokenID="TodoToken" TaskName="_default">
        <TemplateType5>
          <BackgroundImageURI IsRelative="true" IsResource="false">Images/Tiles/Bluecheck.png</BackgroundImageURI>
          <Count>0</Count>
          <Title>Tidy</Title>
        </TemplateType5>
      </PrimaryToken>
    </Tokens>
  </App>
</Deployment>